clip_fraction,upper_fraction,lower_fraction,clipped_surrogate,unclipped_surrogate,ratio_deviation,step,epsilon
0.10766961635053428,0.05468572716608843,0.05298388942092191,-0.005394165439115736,9.072505054724495e-05,0.036289377486181516,0,0.05
0.10744270525740839,0.05468572730133836,0.052756977504673376,-0.005294646204193319,0.00018552226002389595,0.036328088598400234,1,0.05
0.10676196889221898,0.05502609490700758,0.051735874927100384,-0.00530162498294472,0.00019615693793414212,0.0363064438509534,2,0.05
0.10778307150191384,0.055366462388204585,0.05241660977157337,-0.005308707321511967,0.00016819019084456072,0.03630565737252296,3,0.05
0.1072157930374815,0.05445881550279954,0.05275697748903511,-0.0052428103953605,0.0002505788496108601,0.036248913994859897,4,0.05
0.10766961601367742,0.05491263938939656,0.05275697779081152,-0.005190654191063197,0.000300697380766046,0.03631609790034538,5,0.05
0.1074427052929115,0.054345359841908136,0.05309734506321644,-0.005253947774759389,0.00022462468933705465,0.03629064242558823,6,0.05
0.1064216012233627,0.05434535988290577,0.052076242448238386,-0.005190579487348539,0.00029363944688661853,0.036248014894049316,7,0.05
0.10676196969019358,0.05434535964220316,0.052416610138650135,-0.005168651079745054,0.00032708487505761437,0.036201344653566746,8,0.05
0.10789652857130648,0.05423190369918885,0.053664624611338856,-0.005135473399734772,0.0003322103865519048,0.0361719059599181,9,0.05
0.10880417541719319,0.05593374210708004,0.052870433369496324,-0.00514038136044641,0.0003370107338593232,0.03619378495427613,10,0.05
0.00850918992173788,0.004311322888499116,0.00419786704351459,-0.003989773871457838,9.072505054724495e-05,0.036289377486181516,0,0.2
0.008282278199224315,0.004084411155709725,0.00419786704351459,-0.0038592263281477237,0.00021736320726943714,0.03625221580230181,1,0.2
0.008509189919941592,0.004197867021034572,0.004311322909182845,-0.003927310789648518,0.00013782853898424287,0.0362935906243034,2,0.2
0.00839573406489257,0.004084411155709725,0.004311322909182845,-0.0038375552247686467,0.00024722852495429005,0.036289481894585016,3,0.2
0.008282278199224315,0.004084411155709725,0.00419786704351459,-0.003898526956091629,0.00018287978543123746,0.036255992005429345,4,0.2
0.008509189919941592,0.004197867021034572,0.004311322909182845,-0.0038282367354755516,0.00023681677876635017,0.03627856241138443,5,0.2
0.008282278199224315,0.00397095529004147,0.004311322909182845,-0.003816004948289433,0.00025845373417934456,0.03626152034410423,6,0.2
0.00839573406489257,0.004084411155709725,0.004311322909182845,-0.003749461969880999,0.0003334683198536743,0.03632592554873019,7,0.2
0.008509189919941592,0.004197867021034572,0.004311322909182845,-0.003702217709934134,0.00038057791059851537,0.036321872518737475,8,0.2
0.008395734054273338,0.004197867021034572,0.00419786704351459,-0.003637091037742278,0.00044720568162684324,0.03628120789951462,9,0.2
0.008282278199224315,0.004084411155709725,0.00419786704351459,-0.003642781835729022,0.0004375093592876462,0.036270250236473525,10,0.2
0.005559337417744497,0.002836396641706376,0.002722940776038121,-0.0033342102611201175,9.072505054724495e-05,0.036289377486181516,0,0.5
0.005559337417744497,0.002836396641706376,0.002722940776038121,-0.00324972402976434,0.00016871560639688046,0.036299336513919436,1,0.5
0.005559337417744497,0.002836396641706376,0.002722940776038121,-0.003232671254229317,0.00018997822539715614,0.03629577666767692,2,0.5
0.005559337417744497,0.002836396641706376,0.002722940776038121,-0.00320814534369201,0.00021295622751938396,0.03626548887480034,3,0.5
0.005559337417744497,0.002836396641706376,0.002722940776038121,-0.0032016815882263227,0.00021544038900306282,0.03631543127245295,4,0.5
0.005559337417744497,0.002836396641706376,0.002722940776038121,-0.003191430151563147,0.00022749508595183265,0.03625217672109449,5,0.5
0.005672793283412752,0.0029498525073746312,0.002722940776038121,-0.0031673520820780436,0.0002575207982209769,0.03627993440354213,6,0.5
0.005559337417744497,0.002836396641706376,0.002722940776038121,-0.003027936169382718,0.000389164384257531,0.03628520267693922,7,0.5
0.005559337417744497,0.002836396641706376,0.002722940776038121,-0.003041802913741728,0.0003737590366787236,0.036259353353800636,8,0.5
0.005559337417744497,0.002836396641706376,0.002722940776038121,-0.0030601859337430247,0.00036138587442991924,0.03628693584574415,9,0.5
0.005672793283412752,0.0029498525073746312,0.002722940776038121,-0.0029761665634893764,0.0004431973166031742,0.0363014871785525,10,0.5
