k,difficulty_bin,n_groups,informative_rate,weak_rate,mean_group_std,signal_variance,usable_fraction,informative_rate_shuffled,weak_rate_shuffled,mean_group_std_shuffled,signal_variance_shuffled
2,all,96,0.9375,0.5104166666666666,0.3845672607421875,0.3368348789711793,0.7864583333333334,0.9472916666666665,0.5055729166666666,0.3835117594401041,0.319233314221104
2,hard,32,0.84375,0.4375,0.49340057373046875,0.5984376166015863,0.703125,0.87109375,0.44375,0.477589111328125,0.5088720536231994
2,medium,32,0.96875,0.40625,0.41237640380859375,0.3040905836969614,0.71875,0.980625,0.48171875,0.3688470458984375,0.25610228307545185
2,easy,32,1.0,0.6875,0.2479248046875,0.10797643661499023,0.9375,0.99015625,0.59125,0.30409912109375,0.19272560596466065
4,all,48,0.9583333333333334,0.25,0.5410043647319412,0.4677260586371024,0.8072916666666666,0.9583333333333335,0.23864583333333336,0.5481847797018321,0.48137470121184983
4,hard,16,0.875,0.3125,0.6614877562072954,0.786526813171804,0.734375,0.875,0.1796875,0.6814887589060302,0.7659222343936563
4,medium,16,1.0,0.125,0.5516941225351226,0.4017186826094985,0.75,1.0,0.193125,0.5209854730716862,0.3807598597928882
4,easy,16,1.0,0.3125,0.4098312154534056,0.21493268013000488,0.9375,1.0,0.343125,0.44208010712778,0.2974420094490051
8,all,24,0.9583333333333334,0.125,0.6190544134665206,0.5598951438441873,0.8072916666666666,0.9583333333333335,0.125,0.6190544134665207,0.5598951438441873
8,hard,8,0.875,0.125,0.7633688437029319,0.8869009069167078,0.734375,0.875,0.125,0.7633688437029319,0.8869009069167078
8,medium,8,1.0,0.0,0.5990220788024174,0.44691224163398147,0.75,1.0,0.0,0.5990220788024176,0.44691224163398147
8,easy,8,1.0,0.25,0.49477231789421244,0.34587228298187256,0.9375,1.0,0.25,0.4947723178942124,0.34587228298187256
