update,loss_type,response_length,abs_advantage,grad_norm,truncated
0,grpo,166,0.933354914188385,0.41231817625545203,False
0,grpo,301,0.18182238936424255,0.062166053976346954,False
0,grpo,155,0.810275137424469,0.3894267969463469,False
0,grpo,188,1.561807632446289,0.6774790659654056,False
1,grpo,56,1.3940224647521973,1.093490090552097,False
1,grpo,95,1.3401159048080444,0.6887187667629828,False
1,grpo,92,0.38704878091812134,0.12281931347505816,False
1,grpo,49,0.3331422507762909,0.3013693576115643,False
2,grpo,225,1.109768033027649,0.48430668218429,False
2,grpo,90,1.0288810729980469,0.7283135993921127,False
2,grpo,163,0.8832847476005554,0.42720970740750597,False
2,grpo,79,0.9641715884208679,0.6815524978345505,False
3,grpo,464,1.6472948789596558,0.5334155571042835,False
3,grpo,264,0.6586957573890686,0.22755645931010648,False
3,grpo,205,0.9208411574363708,0.3698983677864055,False
3,grpo,471,0.06775791198015213,0.022237181223796032,False
4,grpo,512,1.2150686979293823,0.0,True
4,grpo,512,1.4378312826156616,0.0,True
4,grpo,512,0.5758368968963623,0.0,True
4,grpo,512,0.353074312210083,0.0,True
5,grpo,349,1.719645619392395,0.4603507646905646,False
5,grpo,234,0.3839802145957947,0.2065967757967789,False
5,grpo,482,0.7089228630065918,0.21462984646007235,False
5,grpo,267,0.6267426013946533,0.35046781234109986,False
6,grpo,500,0.8994277715682983,0.20496998578229828,False
6,grpo,286,1.0320396423339844,0.30046183629870726,False
6,grpo,324,1.3267327547073364,0.35861815891014326,False
6,grpo,297,0.6047347187995911,0.19675759032785198,False
7,grpo,387,1.1079492568969727,0.1778519578797863,False
7,grpo,512,0.8858328461647034,0.0,True
7,grpo,9,0.9877957701683044,1.8243776366924178,False
7,grpo,21,1.0059863328933716,1.112838118422537,False
