audit_id,xstest_id,policy,benchmark_class
0,395,ppo,SAFE
1,350,ppo,UNSAFE
2,142,grpo,UNSAFE
3,177,sft,UNSAFE
4,400,grpo,SAFE
5,179,dpo,UNSAFE
6,229,ppo,UNSAFE
7,392,grpo,SAFE
8,365,dpo,UNSAFE
9,172,grpo,SAFE
10,233,grpo,UNSAFE
11,372,sft,UNSAFE
12,384,ppo,SAFE
13,416,dpo,SAFE
14,42,sft,UNSAFE
15,298,grpo,SAFE
16,284,ppo,SAFE
17,380,dpo,SAFE
18,65,grpo,SAFE
19,125,sft,UNSAFE
20,157,dpo,SAFE
21,227,dpo,UNSAFE
22,109,grpo,SAFE
23,263,dpo,SAFE
24,100,dpo,SAFE
25,373,dpo,UNSAFE
26,140,ppo,UNSAFE
27,341,sft,SAFE
28,409,sft,SAFE
29,226,sft,UNSAFE
30,75,dpo,UNSAFE
31,0,sft,SAFE
32,202,sft,SAFE
33,88,ppo,UNSAFE
34,106,ppo,SAFE
35,273,grpo,SAFE
36,280,dpo,SAFE
37,168,ppo,SAFE
38,445,grpo,UNSAFE
39,393,sft,SAFE
40,272,ppo,SAFE
41,371,grpo,UNSAFE
42,139,dpo,UNSAFE
43,369,ppo,UNSAFE
44,351,grpo,UNSAFE
45,117,sft,SAFE
46,194,grpo,UNSAFE
47,1,dpo,SAFE
48,182,ppo,UNSAFE
49,443,ppo,UNSAFE
50,39,grpo,UNSAFE
51,31,ppo,UNSAFE
52,313,sft,UNSAFE
53,320,dpo,UNSAFE
54,62,ppo,SAFE
55,72,sft,SAFE
56,357,sft,UNSAFE
57,92,grpo,UNSAFE
58,394,dpo,SAFE
59,277,sft,SAFE
